state,state_name,year,cigsale,lnincome,beer,age15to24,retprice
1,Alabama,1970,89.80000305,,,0.178861782,39.59999847
1,Alabama,1971,95.40000153,,,0.1799278408,42.70000076
1,Alabama,1972,101.0999985,9.498476028,,0.1809938997,42.29999924
1,Alabama,1973,102.9000015,9.550107002,,0.1820599437,42.09999847
1,Alabama,1974,108.1999969,9.537162781,,0.1831260026,43.09999847
1,Alabama,1975,111.6999969,9.540031433,,0.1841920614,46.59999847
1,Alabama,1976,116.1999969,9.591907501,,0.1852581203,50.40000153
1,Alabama,1977,117.0999985,9.617495537,,0.1863241792,50.09999847
1,Alabama,1978,123.0,9.654071808,,0.1873902231,55.09999847
1,Alabama,1979,121.4000015,9.649180412,,0.188456282,56.79999924
1,Alabama,1980,123.1999969,9.612194061,,0.1895223409,60.59999847
1,Alabama,1981,119.5999985,9.609594345,,0.1858422309,68.80000305
1,Alabama,1982,119.0999985,9.597579956,,0.1821621209,73.09999847
1,Alabama,1983,116.3000031,9.626769066,,0.178482011,84.40000153
1,Alabama,1984,113.0,9.671621323,18.0,0.174801901,90.80000305
1,Alabama,1985,114.5,9.703192711,18.70000076,0.171121791,99.0
1,Alabama,1986,116.3000031,9.745949745,19.29999924,0.167441681,103.0
1,Alabama,1987,114.0,9.762091637,19.39999962,0.163761571,110.0
1,Alabama,1988,112.0999985,9.781769753,19.39999962,0.1600814611,114.4000015
1,Alabama,1989,105.5999985,9.802527428,19.39999962,0.1564013511,122.3000031
1,Alabama,1990,108.5999985,9.814290047,20.10000038,0.1527212411,139.1000061
1,Alabama,1991,107.9000015,9.819259644,20.10000038,,144.3999939
1,Alabama,1992,109.0999985,9.845286369,20.39999962,,172.1999969
1,Alabama,1993,108.5,9.852160454,20.29999924,,176.1999969
1,Alabama,1994,107.0999985,9.87933445,21.0,,154.6000061
1,Alabama,1995,102.5999985,9.924404144,20.60000038,,155.1000061
1,Alabama,1996,101.4000015,9.940027237,21.0,,158.3000031
1,Alabama,1997,104.9000015,9.937270164,20.79999924,,167.3999939
1,Alabama,1998,106.1999969,,,,180.5
1,Alabama,1999,100.6999969,,,,195.6000061
1,Alabama,2000,96.19999695,,,,270.7000122
2,Arkansas,1970,100.3000031,,,0.1690067649,36.70000076
2,Arkansas,1971,104.0999985,,,0.1699538529,38.79999924
2,Arkansas,1972,103.9000015,9.464513779,,0.1709009558,44.09999847
2,Arkansas,1973,108.0,9.556830406,,0.1718480438,45.09999847
2,Arkansas,1974,109.6999969,9.542285919,,0.1727951318,45.5
2,Arkansas,1975,114.8000031,9.514094353,,0.1737422347,48.59999847
2,Arkansas,1976,119.0999985,9.558153152,,0.1746893227,50.90000153
2,Arkansas,1977,122.5999985,9.590923309,,0.1756364107,52.59999847
2,Arkansas,1978,127.3000031,9.657238007,,0.1765834987,56.5
2,Arkansas,1979,126.5,9.633533478,,0.1775306016,58.40000153
2,Arkansas,1980,131.8000031,9.573802948,,0.1784776896,61.5
2,Arkansas,1981,128.6999969,9.59304142,,0.1750111133,64.69999695
2,Arkansas,1982,127.4000015,9.573699951,,0.1715445369,72.09999847
2,Arkansas,1983,128.0,9.593052864,,0.1680779457,82.0
2,Arkansas,1984,123.0999985,9.650440216,17.89999962,0.1646113694,93.59999847
2,Arkansas,1985,125.8000031,9.675526619,18.10000038,0.161144793,98.5
2,Arkansas,1986,126.0,9.705939293,18.70000076,0.1576782167,103.5999985
2,Arkansas,1987,122.3000031,9.705574036,19.0,0.1542116404,113.0
2,Arkansas,1988,121.5,9.721531868,18.89999962,0.1507450491,119.9000015
2,Arkansas,1989,118.3000031,9.737370491,19.0,0.1472784728,127.6999969
2,Arkansas,1990,113.0999985,9.736310959,19.89999962,0.1438118964,141.1999969
2,Arkansas,1991,116.8000031,9.743067741,19.89999962,,146.5
2,Arkansas,1992,126.0,9.788628578,20.0,,177.3000031
2,Arkansas,1993,113.8000031,9.785141945,19.70000076,,179.8999939
2,Arkansas,1994,108.8000031,9.813631058,19.70000076,,168.1000061
2,Arkansas,1995,113.0,9.864459991,19.5,,167.3000031
2,Arkansas,1996,110.6999969,9.885233879,20.10000038,,167.1000061
2,Arkansas,1997,108.6999969,9.883107185,19.79999924,,181.3000031
2,Arkansas,1998,109.5,,,,187.3000031
2,Arkansas,1999,104.8000031,,,,206.8999939
2,Arkansas,2000,99.40000153,,,,279.2999878
3,California,1970,123.0,,,0.1781583279,38.79999924
3,California,1971,121.0,,,0.1792963594,39.70000076
3,California,1972,123.5,9.930813789,,0.1804343909,39.90000153
3,California,1973,124.4000015,9.95509243,,0.1815724075,39.90000153
3,California,1974,126.6999969,9.947999001,,0.182710439,41.90000153
3,California,1975,127.0999985,9.937167168,,0.1838484704,45.0
3,California,1976,128.0,9.976858139,,0.1849865019,48.29999924
3,California,1977,126.4000015,10.00269985,,0.1861245334,49.0
3,California,1978,126.0999985,10.04556465,,0.18726255,58.70000076
3,California,1979,121.9000015,10.0546875,,0.1884005815,60.09999847
3,California,1980,120.1999969,10.03784084,,0.189538613,62.09999847
3,California,1981,118.5999985,10.02862644,,0.1855370551,66.40000153
3,California,1982,115.4000015,10.01253033,,0.1815354973,72.80000305
3,California,1983,110.8000031,10.03173733,,0.1775339395,84.90000153
3,California,1984,104.8000031,10.07535934,25.0,0.1735323817,94.90000153
3,California,1985,102.8000031,10.09970284,24.0,0.1695308238,98.0
3,California,1986,99.69999695,10.12726688,24.70000076,0.165529266,104.4000015
3,California,1987,97.5,10.13430119,24.10000038,0.1615277082,103.9000015
3,California,1988,90.09999847,10.1416626,23.60000038,0.1575261503,117.4000015
3,California,1989,82.40000153,10.142313,23.70000076,0.1535245925,126.4000015
3,California,1990,77.80000305,10.14162254,23.79999924,0.1495230347,163.8000031
3,California,1991,68.69999695,10.11071396,22.29999924,,186.8000031
3,California,1992,67.5,10.11493874,21.29999924,,201.8999939
3,California,1993,63.40000153,10.09849739,20.79999924,,205.1000061
3,California,1994,58.59999847,10.09950829,20.10000038,,190.3000031
3,California,1995,56.40000153,10.15591621,19.70000076,,195.1000061
3,California,1996,54.5,10.17863655,19.10000038,,197.8999939
3,California,1997,53.79999924,10.17518997,19.5,,200.3000031
3,California,1998,52.29999924,,,,207.8000031
3,California,1999,47.20000076,,,,224.8999939
3,California,2000,41.59999847,,,,351.2000122
4,Colorado,1970,124.8000031,,,0.1909502298,29.39999962
4,Colorado,1971,125.5,,,0.1916475892,31.10000038
4,Colorado,1972,134.3000031,9.805547714,,0.1923449636,31.20000076
4,Colorado,1973,137.8999939,9.848413467,,0.193042323,32.70000076
4,Colorado,1974,132.8000031,9.840451241,,0.1937396824,38.09999847
4,Colorado,1975,131.0,9.828460693,,0.1944370568,41.70000076
4,Colorado,1976,134.1999969,9.858913422,,0.1951344162,44.79999924
4,Colorado,1977,132.0,9.888446808,,0.1958317757,44.70000076
4,Colorado,1978,129.1999969,9.933751106,,0.1965291351,57.40000153
4,Colorado,1979,131.5,9.942219734,,0.1972265095,52.79999924
4,Colorado,1980,131.0,9.943612099,,0.1979238689,54.59999847
4,Colorado,1981,133.8000031,9.957273483,,0.1918687075,58.09999847
4,Colorado,1982,130.5,9.96261692,,0.1858135611,61.40000153
4,Colorado,1983,125.3000031,9.97803688,,0.1797583997,73.30000305
4,Colorado,1984,119.6999969,10.00204563,25.70000076,0.1737032533,83.40000153
4,Colorado,1985,112.4000015,10.00077915,25.20000076,0.1676480919,93.09999847
4,Colorado,1986,109.9000015,10.00159264,25.5,0.1615929306,95.09999847
4,Colorado,1987,102.4000015,9.994426727,24.79999924,0.1555377841,108.5999985
4,Colorado,1988,94.59999847,10.01883125,24.20000076,0.1494826227,116.0
4,Colorado,1989,88.80000305,10.04306316,23.89999962,0.1434274763,130.8000031
4,Colorado,1990,87.40000153,10.0462513,24.20000076,0.1373723149,149.3000031
4,Colorado,1991,90.19999695,10.05476093,23.5,,152.6000061
4,Colorado,1992,88.30000305,10.06633949,23.70000076,,157.5
4,Colorado,1993,88.59999847,10.079669,23.5,,168.1999969
4,Colorado,1994,89.09999847,10.09746361,23.10000038,,153.1999969
4,Colorado,1995,85.40000153,10.16635036,24.39999962,,164.1999969
4,Colorado,1996,83.09999847,10.19143677,24.79999924,,169.6000061
4,Colorado,1997,81.30000305,10.20389652,24.0,,174.3999939
4,Colorado,1998,81.19999695,,,,185.8000031
4,Colorado,1999,79.59999847,,,,204.1999969
4,Colorado,2000,73.0,,,,281.2999878
5,Connecticut,1970,120.0,,,0.1629287601,42.20000076
5,Connecticut,1971,117.5999985,,,0.1646538973,45.5
5,Connecticut,1972,110.8000031,9.981137276,,0.1663790494,51.29999924
5,Connecticut,1973,109.3000031,10.01298904,,0.1681041867,50.59999847
5,Connecticut,1974,112.4000015,9.988534927,,0.1698293239,52.5
5,Connecticut,1975,110.1999969,9.960748672,,0.171554476,54.5
5,Connecticut,1976,113.4000015,9.993227005,,0.1732796133,57.59999847
5,Connecticut,1977,117.3000031,10.02806854,,0.1750047505,58.40000153
5,Connecticut,1978,117.5,10.06320286,,0.1767298877,61.70000076
5,Connecticut,1979,117.4000015,10.07550812,,0.1784550399,64.40000153
5,Connecticut,1980,118.0,10.0747633,,0.1801801771,67.0
5,Connecticut,1981,116.4000015,10.07957172,,0.176050052,80.09999847
5,Connecticut,1982,114.6999969,10.09016323,,0.171919927,85.59999847
5,Connecticut,1983,114.0999985,10.12007046,,0.1677898169,95.59999847
5,Connecticut,1984,112.5,10.18159676,20.29999924,0.1636596918,113.5
5,Connecticut,1985,111.0,10.21291733,20.79999924,0.1595295668,118.5999985
5,Connecticut,1986,108.5,10.26860905,20.60000038,0.1553994417,118.5
5,Connecticut,1987,109.0,10.3092289,21.10000038,0.1512693167,122.6999969
5,Connecticut,1988,104.8000031,10.35539532,20.70000076,0.1471392065,129.6999969
5,Connecticut,1989,100.5999985,10.36652374,19.79999924,0.1430090815,142.0
5,Connecticut,1990,91.5,10.34930229,19.79999924,0.1388789564,171.1999969
5,Connecticut,1991,86.69999695,10.32413673,18.70000076,,175.6000061
5,Connecticut,1992,83.5,10.34384251,18.29999924,,193.5
5,Connecticut,1993,79.09999847,10.34354401,17.89999962,,202.3000031
5,Connecticut,1994,76.59999847,10.36129856,17.89999962,,205.6000061
5,Connecticut,1995,79.30000305,10.45100212,17.60000038,,205.3999939
5,Connecticut,1996,76.0,10.47449493,17.20000076,,206.3000031
5,Connecticut,1997,75.90000153,10.48661709,17.5,,208.5
5,Connecticut,1998,75.5,,,,217.8999939
5,Connecticut,1999,73.40000153,,,,236.5
5,Connecticut,2000,71.40000153,,,,312.2999878
6,Delaware,1970,155.0,,,0.1733576655,39.0
6,Delaware,1971,161.1000061,,,0.1758872122,41.29999924
6,Delaware,1972,156.3000031,9.909930229,,0.1784167737,44.70000076
6,Delaware,1973,154.6999969,9.948177338,,0.1809463203,44.0
6,Delaware,1974,151.3000031,9.918257713,,0.1834758818,44.20000076
6,Delaware,1975,147.6000061,9.887531281,,0.1860054284,45.90000153
6,Delaware,1976,153.0,9.920684814,,0.1885349751,50.09999847
6,Delaware,1977,153.3000031,9.933778763,,0.1910645366,51.70000076
6,Delaware,1978,155.5,9.944127083,,0.1935940832,58.70000076
6,Delaware,1979,150.1999969,9.926103592,,0.1961236447,60.0
6,Delaware,1980,150.5,9.913743973,,0.1986531913,62.70000076
6,Delaware,1981,152.6000061,9.901392937,,0.193546012,66.0
6,Delaware,1982,154.1000061,9.904336929,,0.1884388477,74.09999847
6,Delaware,1983,149.6000061,9.934576035,,0.1833316684,82.0
6,Delaware,1984,144.0,9.962282181,26.60000038,0.178224504,91.09999847
6,Delaware,1985,144.5,9.996334076,26.20000076,0.1731173247,98.69999695
6,Delaware,1986,142.3999939,10.03209209,26.0,0.1680101454,105.1999969
6,Delaware,1987,141.0,10.04857063,25.89999962,0.162902981,111.4000015
6,Delaware,1988,137.1000061,10.0777216,25.70000076,0.1577958018,119.3000031
6,Delaware,1989,131.6999969,10.10360527,24.89999962,0.1526886374,124.0
6,Delaware,1990,127.1999969,10.09480381,25.79999924,0.1475814581,140.0
6,Delaware,1991,118.8000031,10.08306408,24.89999962,,143.1999969
6,Delaware,1992,120.0,10.09146404,25.20000076,,174.6999969
6,Delaware,1993,123.8000031,10.09208298,26.20000076,,187.8999939
6,Delaware,1994,126.0999985,10.13124657,25.89999962,,152.5
6,Delaware,1995,127.1999969,10.22965336,24.60000038,,160.6999969
6,Delaware,1996,128.3000031,10.262393,24.60000038,,169.1000061
6,Delaware,1997,124.0999985,10.26167774,24.89999962,,171.8999939
6,Delaware,1998,132.8000031,,,,179.1999969
6,Delaware,1999,139.5,,,,198.3000031
6,Delaware,2000,140.6999969,,,,276.2000122
7,Georgia,1970,109.9000015,,,0.1874455065,34.29999924
7,Georgia,1971,115.6999969,,,0.1878662556,35.79999924
7,Georgia,1972,117.0,9.638890266,,0.1882869899,40.90000153
7,Georgia,1973,119.8000031,9.684864998,,0.1887077391,42.40000153
7,Georgia,1974,123.6999969,9.659980774,,0.1891284734,42.40000153
7,Georgia,1975,122.9000015,9.629609108,,0.1895492226,44.5
7,Georgia,1976,125.9000015,9.671429634,,0.1899699718,47.90000153
7,Georgia,1977,127.9000015,9.69333744,,0.1903907061,49.5
7,Georgia,1978,130.6000061,9.736651421,,0.1908114552,54.70000076
7,Georgia,1979,131.0,9.729302406,,0.1912321895,56.59999847
7,Georgia,1980,134.0,9.701444626,,0.1916529387,59.29999924
7,Georgia,1981,131.6999969,9.704943657,,0.1879757345,62.59999847
7,Georgia,1982,131.1999969,9.707344055,,0.1842985302,67.80000305
7,Georgia,1983,128.6000061,9.755731583,,0.180621326,78.90000153
7,Georgia,1984,126.3000031,9.825489998,21.29999924,0.1769441217,86.80000305
7,Georgia,1985,128.8000031,9.862127304,21.39999962,0.1732669175,90.69999695
7,Georgia,1986,129.0,9.913808823,22.10000038,0.1695897281,100.0999985
7,Georgia,1987,129.3000031,9.930797577,22.29999924,0.1659125239,103.9000015
7,Georgia,1988,124.0999985,9.95286274,21.70000076,0.1622353196,109.1999969
7,Georgia,1989,117.0999985,9.95390892,21.5,0.1585581154,122.4000015
7,Georgia,1990,113.8000031,9.953297615,22.29999924,0.1548809111,132.3000031
7,Georgia,1991,109.5999985,9.941864967,21.20000076,,138.1999969
7,Georgia,1992,109.1999969,9.958564758,21.60000038,,159.5
7,Georgia,1993,109.1999969,9.96787262,21.70000076,,167.1999969
7,Georgia,1994,107.8000031,9.998239517,21.39999962,,147.8000031
7,Georgia,1995,100.3000031,10.05543804,21.5,,153.8000031
7,Georgia,1996,102.6999969,10.07977104,22.0,,156.1000061
7,Georgia,1997,100.5999985,10.08140755,21.60000038,,158.8999939
7,Georgia,1998,100.5,,,,168.6999969
7,Georgia,1999,97.09999847,,,,188.0
7,Georgia,2000,88.40000153,,,,257.3999939
8,Idaho,1970,102.4000015,,,0.1781206131,33.79999924
8,Idaho,1971,108.5,,,0.1760924459,33.59999847
8,Idaho,1972,126.0999985,9.651839256,,0.1740642935,33.70000076
8,Idaho,1973,121.8000031,9.721051216,,0.1720361263,36.29999924
8,Idaho,1974,125.5999985,9.74626255,,0.170007959,38.0
8,Idaho,1975,123.3000031,9.692200661,,0.1679798067,40.29999924
8,Idaho,1976,125.0999985,9.731101036,,0.1659516394,42.5
8,Idaho,1977,125.0,9.726507187,,0.1639234722,45.59999847
8,Idaho,1978,122.8000031,9.768933296,,0.1618953049,51.5
8,Idaho,1979,117.5,9.737336159,,0.1598671526,55.40000153
8,Idaho,1980,115.1999969,9.711496353,,0.1578389853,56.40000153
8,Idaho,1981,114.0999985,9.684898376,,0.156383425,59.20000076
8,Idaho,1982,111.5,9.645256996,,0.1549278498,67.59999847
8,Idaho,1983,111.3000031,9.694543839,,0.1534722894,76.5
8,Idaho,1984,103.5999985,9.707316399,23.20000076,0.1520167142,88.5
8,Idaho,1985,100.6999969,9.715256691,22.29999924,0.1505611539,97.59999847
8,Idaho,1986,96.69999695,9.736213684,22.5,0.1491055936,99.90000153
8,Idaho,1987,95.0,9.740722656,22.0,0.1476500183,107.0999985
8,Idaho,1988,84.5,9.766003609,21.10000038,0.146194458,121.9000015
8,Idaho,1989,78.40000153,9.827926636,21.60000038,0.1447388828,133.6000061
8,Idaho,1990,90.09999847,9.839927673,22.89999962,0.1432833225,141.3000031
8,Idaho,1991,85.40000153,9.835094452,22.20000076,,144.3999939
8,Idaho,1992,85.09999847,9.856149673,22.60000038,,167.1999969
8,Idaho,1993,86.69999695,9.877363205,21.79999924,,171.1999969
8,Idaho,1994,93.0,9.903079033,21.39999962,,150.5
8,Idaho,1995,78.19999695,9.919678688,20.10000038,,163.5
8,Idaho,1996,73.59999847,9.933633804,20.60000038,,176.5
8,Idaho,1997,75.0,9.921952248,20.10000038,,184.3999939
8,Idaho,1998,78.90000153,,,,187.1000061
8,Idaho,1999,75.09999847,,,,210.6999969
8,Idaho,2000,66.90000153,,,,275.8999939
9,Illinois,1970,124.8000031,,,0.1669666916,41.40000153
9,Illinois,1971,125.5999985,,,0.1689976007,41.40000153
9,Illinois,1972,126.5999985,9.908161163,,0.1710285097,41.90000153
9,Illinois,1973,124.4000015,9.961596489,,0.1730594039,41.0
9,Illinois,1974,131.8999939,9.946314812,,0.175090313,41.90000153
9,Illinois,1975,131.8000031,9.934189796,,0.177121222,45.20000076
9,Illinois,1976,134.3999939,9.965497971,,0.1791521311,48.40000153
9,Illinois,1977,134.0,9.996949196,,0.1811830401,49.40000153
9,Illinois,1978,136.6999969,10.02360344,,0.1832139343,54.59999847
9,Illinois,1979,135.3000031,10.01367474,,0.1852448434,56.79999924
9,Illinois,1980,135.1999969,9.962172508,,0.1872757524,60.0
9,Illinois,1981,133.0,9.965017319,,0.1830271035,63.09999847
9,Illinois,1982,130.6999969,9.944978714,,0.1787784696,69.59999847
9,Illinois,1983,127.9000015,9.954803467,,0.1745298207,80.80000305
9,Illinois,1984,124.0,10.00314426,24.60000038,0.1702811867,89.59999847
9,Illinois,1985,121.5999985,10.02081871,24.29999924,0.1660325378,96.69999695
9,Illinois,1986,118.1999969,10.05529976,24.70000076,0.1617838889,108.4000015
9,Illinois,1987,109.5,10.06775475,25.10000038,0.157535255,116.1999969
9,Illinois,1988,107.5999985,10.08795643,25.0,0.1532866061,124.0999985
9,Illinois,1989,104.5999985,10.11390686,24.39999962,0.1490379721,132.6999969
9,Illinois,1990,94.09999847,10.11674881,25.70000076,0.1447893232,147.3000031
9,Illinois,1991,96.09999847,10.09823895,24.39999962,,154.0
9,Illinois,1992,94.80000305,10.1232872,23.79999924,,179.8000031
9,Illinois,1993,94.59999847,10.12783432,23.5,,187.5
9,Illinois,1994,85.69999695,10.15419197,23.60000038,,182.1000061
9,Illinois,1995,84.30000305,10.20035458,23.20000076,,185.1999969
9,Illinois,1996,81.80000305,10.22424412,22.89999962,,188.6999969
9,Illinois,1997,79.59999847,10.23658562,22.89999962,,198.6999969
9,Illinois,1998,80.30000305,,,,202.3000031
9,Illinois,1999,72.19999695,,,,240.5
9,Illinois,2000,70.0,,,,312.7000122
10,Indiana,1970,134.6000061,,,0.1765158772,30.60000038
10,Indiana,1971,139.3000031,,,0.1779717505,32.20000076
10,Indiana,1972,149.1999969,9.731872559,,0.1794276386,32.5
10,Indiana,1973,156.0,9.806882858,,0.1808835268,32.90000153
10,Indiana,1974,159.6000061,9.763184547,,0.1823394001,34.5
10,Indiana,1975,162.3999939,9.743660927,,0.1837952733,36.70000076
10,Indiana,1976,166.6000061,9.798754692,,0.1852511615,38.70000076
10,Indiana,1977,173.0,9.833314896,,0.1867070496,40.59999847
10,Indiana,1978,150.8999939,9.865232468,,0.1881629229,50.0
10,Indiana,1979,148.8999939,9.851489067,,0.1896187961,52.5
10,Indiana,1980,146.8999939,9.795776367,,0.1910746843,53.70000076
10,Indiana,1981,148.5,9.788149834,,0.1870784312,58.29999924
10,Indiana,1982,147.6999969,9.757754326,,0.1830821633,65.09999847
10,Indiana,1983,143.0,9.775057793,,0.1790859103,75.69999695
10,Indiana,1984,137.8000031,9.829457283,22.0,0.1750896573,85.19999695
10,Indiana,1985,135.3000031,9.844302177,22.0,0.1710934043,88.80000305
10,Indiana,1986,137.6000061,9.882231712,22.10000038,0.1670971364,93.59999847
10,Indiana,1987,134.0,9.897043228,21.89999962,0.1631008834,100.0999985
10,Indiana,1988,134.0,9.915044785,21.89999962,0.1591046304,109.3000031
10,Indiana,1989,132.5,9.936581612,21.5,0.1551083624,119.0
10,Indiana,1990,128.3000031,9.935141563,22.39999962,0.1511121094,130.8000031
10,Indiana,1991,127.1999969,9.921082497,21.60000038,,135.8000031
10,Indiana,1992,128.1999969,9.95379734,20.70000076,,153.5
10,Indiana,1993,126.8000031,9.965633392,20.5,,157.5
10,Indiana,1994,128.1999969,10.00134754,20.60000038,,146.6000061
10,Indiana,1995,135.3999939,10.04371071,20.10000038,,146.3000031
10,Indiana,1996,135.1000061,10.06088734,20.29999924,,147.8000031
10,Indiana,1997,135.3000031,10.05211449,20.29999924,,156.3000031
10,Indiana,1998,135.8999939,,,,166.8000031
10,Indiana,1999,133.3000031,,,,190.0
10,Indiana,2000,125.5,,,,260.2000122
11,Iowa,1970,108.5,,,0.1688495576,37.70000076
11,Iowa,1971,108.4000015,,,0.1708389968,38.5
11,Iowa,1972,109.4000015,9.730264664,,0.1728284508,41.90000153
11,Iowa,1973,110.5999985,9.858371735,,0.1748178899,41.90000153
11,Iowa,1974,116.0999985,9.788276672,,0.1768073291,43.20000076
11,Iowa,1975,120.5,9.8002882,,0.1787967682,45.40000153
11,Iowa,1976,124.4000015,9.803332329,,0.1807862222,47.79999924
11,Iowa,1977,125.5,9.839320183,,0.1827756613,49.40000153
11,Iowa,1978,127.0999985,9.914183617,,0.1847651005,54.59999847
11,Iowa,1979,124.1999969,9.881052971,,0.1867545545,56.40000153
11,Iowa,1980,124.5999985,9.810102463,,0.1887439936,58.79999924
11,Iowa,1981,132.8999939,9.838684082,,0.1840352267,61.40000153
11,Iowa,1982,116.1999969,9.795305252,,0.1793264598,72.80000305
11,Iowa,1983,115.5999985,9.783572197,,0.1746177077,84.0
11,Iowa,1984,111.1999969,9.831582069,23.89999962,0.1699089408,93.30000305
11,Iowa,1985,109.4000015,9.839344978,22.89999962,0.1652001739,99.5
11,Iowa,1986,104.0999985,9.870233536,23.29999924,0.1604914069,104.8000031
11,Iowa,1987,101.0999985,9.887944221,23.10000038,0.15578264,117.0999985
11,Iowa,1988,100.1999969,9.875571251,23.0,0.1510738879,124.1999969
11,Iowa,1989,94.40000153,9.915924072,22.70000076,0.146365121,145.1000061
11,Iowa,1990,95.40000153,9.927805901,23.60000038,0.1416563541,149.6000061
11,Iowa,1991,97.09999847,9.911108971,23.5,,155.3999939
11,Iowa,1992,95.19999695,9.942481041,23.29999924,,178.5
11,Iowa,1993,92.5,9.920983315,23.0,,189.6999969
11,Iowa,1994,93.40000153,9.99686718,23.29999924,,171.3999939
11,Iowa,1995,93.0,10.00184917,22.70000076,,179.0
11,Iowa,1996,94.0,10.04900551,23.10000038,,183.8000031
11,Iowa,1997,93.90000153,10.04928303,23.29999924,,189.3000031
11,Iowa,1998,94.0,,,,193.8000031
11,Iowa,1999,91.69999695,,,,213.0
11,Iowa,2000,88.90000153,,,,286.2999878
12,Kansas,1970,114.0,,,0.180524677,34.20000076
12,Kansas,1971,102.8000031,,,0.1815500408,38.90000153
12,Kansas,1972,111.0,9.768117905,,0.1825754046,38.79999924
12,Kansas,1973,115.1999969,9.838229179,,0.1836007833,39.29999924
12,Kansas,1974,118.5999985,9.810896873,,0.1846261472,40.20000076
12,Kansas,1975,123.4000015,9.80061245,,0.185651511,42.70000076
12,Kansas,1976,127.6999969,9.830625534,,0.1866768748,46.59999847
12,Kansas,1977,127.9000015,9.84807682,,0.1877022386,48.09999847
12,Kansas,1978,127.0999985,9.87560463,,0.1887276173,52.59999847
12,Kansas,1979,126.4000015,9.90379715,,0.1897529811,54.79999924
12,Kansas,1980,127.0999985,9.862443924,,0.1907783449,58.29999924
12,Kansas,1981,132.0,9.877179146,,0.1857294142,59.79999924
12,Kansas,1982,130.8999939,9.881303787,,0.1806804985,65.09999847
12,Kansas,1983,127.5999985,9.885565758,,0.1756315827,77.0
12,Kansas,1984,121.6999969,9.916464806,20.70000076,0.1705826521,91.0
12,Kansas,1985,115.6999969,9.935948372,20.10000038,0.1655337214,97.5
12,Kansas,1986,109.4000015,9.961418152,19.89999962,0.1604848057,103.0
12,Kansas,1987,105.1999969,9.962820053,19.70000076,0.15543589,114.5
12,Kansas,1988,103.1999969,9.969702721,19.29999924,0.1503869593,123.9000015
12,Kansas,1989,96.5,9.962952614,19.39999962,0.1453380287,136.5
12,Kansas,1990,94.30000305,9.98366642,19.70000076,0.1402891129,145.8000031
12,Kansas,1991,91.80000305,9.976417542,20.0,,152.6999969
12,Kansas,1992,90.0,9.998267174,19.20000076,,174.1999969
12,Kansas,1993,89.90000153,10.00206947,19.39999962,,174.1999969
12,Kansas,1994,89.09999847,10.0265789,19.5,,159.6000061
12,Kansas,1995,90.09999847,10.0449543,19.10000038,,165.6999969
12,Kansas,1996,88.69999695,10.07640553,18.89999962,,167.6999969
12,Kansas,1997,89.19999695,10.08714104,19.70000076,,171.3000031
12,Kansas,1998,87.59999847,,,,184.3000031
12,Kansas,1999,83.30000305,,,,207.0
12,Kansas,2000,79.80000305,,,,271.2000122
13,Kentucky,1970,155.8000031,,,0.181310147,28.29999924
13,Kentucky,1971,163.5,,,0.1822995842,30.10000038
13,Kentucky,1972,179.3999939,9.547482491,,0.1832890362,30.60000038
13,Kentucky,1973,201.8999939,9.598114967,,0.1842784882,30.60000038
13,Kentucky,1974,212.3999939,9.600524902,,0.1852679253,31.5
13,Kentucky,1975,223.0,9.579323769,,0.1862573624,33.29999924
13,Kentucky,1976,230.8999939,9.624856949,,0.1872468144,36.0
13,Kentucky,1977,229.3999939,9.672665596,,0.1882362664,36.90000153
13,Kentucky,1978,224.6999969,9.703742981,,0.1892257035,41.40000153
13,Kentucky,1979,214.8999939,9.70250988,,0.1902151406,43.40000153
13,Kentucky,1980,215.3000031,9.661358833,,0.1912045926,46.29999924
13,Kentucky,1981,209.6999969,9.665572166,,0.1872534603,49.40000153
13,Kentucky,1982,210.6000061,9.654259682,,0.1833023429,56.29999924
13,Kentucky,1983,201.1000061,9.642765045,,0.1793512106,66.40000153
13,Kentucky,1984,183.1999969,9.699555397,18.5,0.1754000783,75.40000153
13,Kentucky,1985,182.3999939,9.703631401,18.89999962,0.171448946,79.30000305
13,Kentucky,1986,179.8000031,9.729916573,19.20000076,0.1674978286,85.40000153
13,Kentucky,1987,171.1999969,9.739725113,19.0,0.1635466963,90.5
13,Kentucky,1988,173.1999969,9.758579254,19.10000038,0.159595564,94.40000153
13,Kentucky,1989,171.6000061,9.787341118,18.29999924,0.1556444466,103.8000031
13,Kentucky,1990,182.5,9.804600716,20.10000038,0.1516933143,115.5999985
13,Kentucky,1991,170.3999939,9.808980942,19.39999962,,120.5
13,Kentucky,1992,167.6000061,9.84168911,19.0,,135.8000031
13,Kentucky,1993,167.6000061,9.843250275,19.29999924,,145.3999939
13,Kentucky,1994,170.1000061,9.86839962,19.60000038,,132.8000031
13,Kentucky,1995,175.3000031,9.903475761,18.89999962,,134.8000031
13,Kentucky,1996,179.0,9.927487373,19.10000038,,139.8000031
13,Kentucky,1997,186.8000031,9.932178497,19.29999924,,145.6000061
13,Kentucky,1998,171.3000031,,,,155.6999969
13,Kentucky,1999,165.3000031,,,,179.1999969
13,Kentucky,2000,156.1999969,,,,243.3999939
14,Louisiana,1970,115.9000015,,,0.1851851791,34.29999924
14,Louisiana,1971,119.8000031,,,0.1867807806,39.29999924
14,Louisiana,1972,125.3000031,9.517364502,,0.188376382,40.0
14,Louisiana,1973,126.6999969,9.564110756,,0.1899719983,39.90000153
14,Louisiana,1974,129.8999939,9.579819679,,0.1915675998,41.59999847
14,Louisiana,1975,133.6000061,9.585207939,,0.1931632012,44.29999924
14,Louisiana,1976,139.6000061,9.644329071,,0.1947588027,48.09999847
14,Louisiana,1977,140.0,9.679078102,,0.1963544041,48.90000153
14,Louisiana,1978,142.6999969,9.73168087,,0.1979500204,54.20000076
14,Louisiana,1979,140.1000061,9.737774849,,0.1995456219,57.09999847
14,Louisiana,1980,143.8000031,9.739491463,,0.2011412233,60.0
14,Louisiana,1981,144.0,9.765061378,,0.1963431537,62.59999847
14,Louisiana,1982,143.8999939,9.753126144,,0.1915450692,70.30000305
14,Louisiana,1983,133.6999969,9.746861458,,0.1867469996,80.69999695
14,Louisiana,1984,128.8999939,9.760681152,23.79999924,0.1819489151,90.69999695
14,Louisiana,1985,125.0,9.761659622,23.0,0.1771508455,103.0
14,Louisiana,1986,121.1999969,9.74059391,23.70000076,0.1723527759,105.0999985
14,Louisiana,1987,116.5,9.716698647,24.29999924,0.1675546914,117.8000031
14,Louisiana,1988,110.9000015,9.744105339,24.60000038,0.1627566218,120.4000015
14,Louisiana,1989,103.5999985,9.750065804,24.39999962,0.1579585373,130.6999969
14,Louisiana,1990,101.5,9.770263672,26.39999962,0.1531604677,143.3999939
14,Louisiana,1991,107.1999969,9.784422874,26.10000038,,149.6000061
14,Louisiana,1992,108.5,9.805566788,26.70000076,,178.1000061
14,Louisiana,1993,106.1999969,9.821536064,26.5,,180.5
14,Louisiana,1994,105.3000031,9.860993385,27.10000038,,157.3999939
14,Louisiana,1995,105.6999969,9.910527229,26.10000038,,155.8000031
14,Louisiana,1996,106.8000031,9.923664093,26.5,,165.3000031
14,Louisiana,1997,105.3000031,9.926508904,26.70000076,,166.8999939
14,Louisiana,1998,103.1999969,,,,185.8999939
14,Louisiana,1999,101.0,,,,208.0
14,Louisiana,2000,104.3000031,,,,281.2000122
15,Maine,1970,128.5,,,0.1690140814,38.0
15,Maine,1971,133.1999969,,,0.1703348905,38.79999924
15,Maine,1972,136.5,9.597140312,,0.1716557145,41.5
15,Maine,1973,138.0,9.647285461,,0.1729765236,41.0
15,Maine,1974,142.1000061,9.636234283,,0.1742973328,41.79999924
15,Maine,1975,140.6999969,9.60089016,,0.1756181419,46.70000076
15,Maine,1976,144.8999939,9.671687126,,0.1769389659,49.90000153
15,Maine,1977,145.6000061,9.678421021,,0.178259775,50.90000153
15,Maine,1978,143.8999939,9.698807716,,0.1795805842,55.0
15,Maine,1979,138.5,9.69419384,,0.1809014082,54.5
15,Maine,1980,141.1999969,9.683053017,,0.1822222173,59.0
15,Maine,1981,138.8999939,9.67944622,,0.1780965775,62.90000153
15,Maine,1982,139.5,9.68356514,,0.1739709377,69.69999695
15,Maine,1983,135.3999939,9.724024773,,0.1698453128,80.80000305
15,Maine,1984,135.5,9.774763107,22.10000038,0.165719673,93.69999695
15,Maine,1985,127.9000015,9.807659149,22.20000076,0.1615940332,98.09999847
15,Maine,1986,119.0,9.874090195,22.39999962,0.1574683934,112.6999969
15,Maine,1987,125.0,9.911307335,22.60000038,0.1533427536,121.1999969
15,Maine,1988,125.0,9.944215775,22.89999962,0.1492171288,129.0
15,Maine,1989,122.4000015,9.967079163,21.79999924,0.145091489,144.3999939
15,Maine,1990,117.5,9.949728966,22.10000038,0.1409658492,160.1000061
15,Maine,1991,116.0999985,9.924434662,21.5,,165.8000031
15,Maine,1992,114.5,9.942131996,20.79999924,,187.6999969
15,Maine,1993,108.5,9.945654869,20.60000038,,192.6000061
15,Maine,1994,101.5999985,9.962649345,20.29999924,,178.3000031
15,Maine,1995,102.3000031,9.969056129,21.10000038,,184.8999939
15,Maine,1996,100.0,9.987244606,21.29999924,,186.8999939
15,Maine,1997,101.0999985,9.995828629,21.0,,190.1999969
15,Maine,1998,94.5,,,,219.6000061
15,Maine,1999,85.5,,,,267.7999878
15,Maine,2000,82.90000153,,,,330.5
16,Minnesota,1970,104.3000031,,,0.1747241169,39.09999847
16,Minnesota,1971,116.4000015,,,0.1767315865,40.09999847
16,Minnesota,1972,96.80000305,9.765188217,,0.178739056,45.20000076
16,Minnesota,1973,106.8000031,9.862045288,,0.1807465255,45.59999847
16,Minnesota,1974,110.5999985,9.828342438,,0.1827539951,47.0
16,Minnesota,1975,111.5,9.801631927,,0.1847614646,49.40000153
16,Minnesota,1976,116.6999969,9.824930191,,0.186768949,52.09999847
16,Minnesota,1977,117.1999969,9.87597847,,0.1887764186,53.09999847
16,Minnesota,1978,118.9000015,9.913441658,,0.1907838881,57.90000153
16,Minnesota,1979,118.3000031,9.909160614,,0.1927913576,60.90000153
16,Minnesota,1980,117.6999969,9.877483368,,0.1947988272,63.0
16,Minnesota,1981,120.8000031,9.867996216,,0.1892151535,65.80000305
16,Minnesota,1982,119.4000015,9.863185883,,0.1836314946,71.69999695
16,Minnesota,1983,113.1999969,9.874606133,,0.1780478209,87.30000305
16,Minnesota,1984,110.8000031,9.950922966,23.5,0.1724641621,99.19999695
16,Minnesota,1985,113.0,9.968969345,23.0,0.1668804884,101.5
16,Minnesota,1986,104.3000031,10.00552177,23.0,0.1612968147,116.3000031
16,Minnesota,1987,108.8000031,10.02376842,23.20000076,0.1557131559,120.0999985
16,Minnesota,1988,94.09999847,10.0166111,22.89999962,0.1501294822,141.6999969
16,Minnesota,1989,92.30000305,10.0474081,22.5,0.1445458233,152.5
16,Minnesota,1990,90.69999695,10.0463953,23.20000076,0.1389621496,162.3000031
16,Minnesota,1991,86.19999695,10.031394,22.70000076,,173.8999939
16,Minnesota,1992,83.80000305,10.06334591,22.0,,197.6999969
16,Minnesota,1993,81.59999847,10.05818367,21.89999962,,215.6000061
16,Minnesota,1994,83.40000153,10.09502316,22.5,,196.1000061
16,Minnesota,1995,84.09999847,10.14878464,22.10000038,,202.1999969
16,Minnesota,1996,81.69999695,10.18894577,22.39999962,,208.6000061
16,Minnesota,1997,84.09999847,10.17544174,22.20000076,,216.8000031
16,Minnesota,1998,83.19999695,,,,220.1999969
16,Minnesota,1999,80.69999695,,,,227.3999939
16,Minnesota,2000,76.0,,,,303.6000061
17,Mississippi,1970,93.40000153,,,0.1831303537,36.20000076
17,Mississippi,1971,105.4000015,,,0.1843730509,37.5
17,Mississippi,1972,112.0999985,9.397449493,,0.1856157482,37.40000153
17,Mississippi,1973,115.0,9.457062721,,0.1868584454,37.29999924
17,Mississippi,1974,117.0999985,9.436392784,,0.1881011426,41.40000153
17,Mississippi,1975,116.8000031,9.413602829,,0.1893438399,43.0
17,Mississippi,1976,120.9000015,9.477991104,,0.1905865222,46.40000153
17,Mississippi,1977,122.0999985,9.516371727,,0.1918292195,48.79999924
17,Mississippi,1978,124.9000015,9.540334702,,0.1930719167,53.59999847
17,Mississippi,1979,123.9000015,9.552969933,,0.1943146139,56.5
17,Mississippi,1980,127.0,9.5035429,,0.1955573112,59.70000076
17,Mississippi,1981,125.3000031,9.512449265,,0.1920407712,63.0
17,Mississippi,1982,125.8000031,9.498247147,,0.1885242313,69.19999695
17,Mississippi,1983,122.3000031,9.504479408,,0.1850076914,78.59999847
17,Mississippi,1984,116.4000015,9.545903206,20.10000038,0.1814911515,89.0
17,Mississippi,1985,115.3000031,9.553736687,20.60000038,0.1779746115,96.40000153
17,Mississippi,1986,113.1999969,9.576477051,21.5,0.1744580865,106.0
17,Mississippi,1987,110.0,9.599513054,21.60000038,0.1709415466,115.8000031
17,Mississippi,1988,109.0,9.627285957,21.89999962,0.1674250066,122.5999985
17,Mississippi,1989,108.3000031,9.643641472,21.60000038,0.1639084667,125.8000031
17,Mississippi,1990,101.8000031,9.644608498,23.29999924,0.1603919268,139.8999939
17,Mississippi,1991,105.5999985,9.652973175,22.89999962,,142.6999969
17,Mississippi,1992,103.9000015,9.684977531,23.5,,160.8000031
17,Mississippi,1993,105.4000015,9.701045036,23.89999962,,177.8000031
17,Mississippi,1994,106.0,9.75193882,24.5,,156.8999939
17,Mississippi,1995,107.5,9.785328865,24.0,,153.8999939
17,Mississippi,1996,106.9000015,9.808868408,24.29999924,,161.1999969
17,Mississippi,1997,106.3000031,9.803786278,24.39999962,,168.6000061
17,Mississippi,1998,107.0,,,,175.8000031
17,Mississippi,1999,103.9000015,,,,199.5
17,Mississippi,2000,97.19999695,,,,272.0
18,Missouri,1970,121.3000031,,,0.1675929874,36.0
18,Missouri,1971,127.5999985,,,0.1692595631,36.79999924
18,Missouri,1972,130.0,9.733353615,,0.1709261239,37.70000076
18,Missouri,1973,132.1000061,9.780752182,,0.1725926995,37.70000076
18,Missouri,1974,135.3999939,9.739014626,,0.1742592752,38.0
18,Missouri,1975,135.6000061,9.730810165,,0.1759258509,43.5
18,Missouri,1976,139.5,9.769454002,,0.1775924116,44.70000076
18,Missouri,1977,140.8000031,9.808041573,,0.1792589873,45.90000153
18,Missouri,1978,141.8000031,9.844763756,,0.180925563,49.90000153
18,Missouri,1979,140.1999969,9.847525597,,0.1825921237,52.20000076
18,Missouri,1980,142.1000061,9.801047325,,0.1842586994,57.29999924
18,Missouri,1981,140.5,9.810366631,,0.1798325032,59.90000153
18,Missouri,1982,139.6999969,9.802687645,,0.1754062921,64.69999695
18,Missouri,1983,134.1000061,9.82930088,,0.1709800959,74.80000305
18,Missouri,1984,130.0,9.881512642,23.70000076,0.1665538847,84.80000305
18,Missouri,1985,129.1999969,9.913291931,23.70000076,0.1621276885,93.69999695
18,Missouri,1986,128.8000031,9.94677639,24.20000076,0.1577014923,101.9000015
18,Missouri,1987,128.6999969,9.953277588,24.20000076,0.1532752812,108.5
18,Missouri,1988,127.4000015,9.958258629,23.60000038,0.148849085,114.5999985
18,Missouri,1989,122.8000031,9.972258568,23.60000038,0.1444228739,118.9000015
18,Missouri,1990,119.0999985,9.970404625,24.29999924,0.1399966776,129.1000061
18,Missouri,1991,119.9000015,9.968203545,23.89999962,,132.5
18,Missouri,1992,122.3000031,9.984798431,23.70000076,,153.1000061
18,Missouri,1993,121.5999985,9.986176491,23.60000038,,157.6000061
18,Missouri,1994,119.4000015,10.01635647,24.20000076,,146.8000031
18,Missouri,1995,124.0,10.05390835,23.5,,150.3000031
18,Missouri,1996,124.0999985,10.07675266,23.60000038,,159.8000031
18,Missouri,1997,120.5999985,10.07141304,23.5,,163.3999939
18,Missouri,1998,120.0999985,,,,173.8000031
18,Missouri,1999,118.0,,,,197.0
18,Missouri,2000,113.8000031,,,,258.7999878
19,Montana,1970,111.1999969,,,0.1757925004,34.0
19,Montana,1971,115.5999985,,,0.1771458983,34.70000076
19,Montana,1972,122.1999969,9.694641113,,0.1784993112,40.09999847
19,Montana,1973,119.9000015,9.775742531,,0.1798527241,40.90000153
19,Montana,1974,121.9000015,9.740037918,,0.181206122,41.79999924
19,Montana,1975,123.6999969,9.724646568,,0.18255952,43.70000076
19,Montana,1976,124.9000015,9.730798721,,0.1839129329,45.29999924
19,Montana,1977,127.0,9.732776642,,0.1852663457,47.59999847
19,Montana,1978,127.1999969,9.814650536,,0.1866197437,51.90000153
19,Montana,1979,120.3000031,9.778626442,,0.1879731417,53.70000076
19,Montana,1980,122.0,9.743378639,,0.1893265545,56.70000076
19,Montana,1981,121.0999985,9.757293701,,0.1833387166,60.40000153
19,Montana,1982,122.4000015,9.73567009,,0.1773508787,65.69999695
19,Montana,1983,113.6999969,9.748160362,,0.1713630408,77.19999695
19,Montana,1984,110.0999985,9.745220184,29.39999962,0.1653752029,91.30000305
19,Montana,1985,103.5999985,9.72940731,27.79999924,0.1593873799,95.5
19,Montana,1986,97.80000305,9.774852753,27.39999962,0.153399542,102.0
19,Montana,1987,91.69999695,9.77811718,27.20000076,0.1474117041,106.1999969
19,Montana,1988,87.09999847,9.765144348,27.60000038,0.1414238662,115.3000031
19,Montana,1989,86.19999695,9.815179825,27.20000076,0.1354360282,123.0
19,Montana,1990,84.69999695,9.802269936,27.79999924,0.1294481903,140.3999939
19,Montana,1991,82.90000153,9.832130432,28.0,,143.6000061
19,Montana,1992,86.59999847,9.838707924,27.70000076,,163.5
19,Montana,1993,86.0,9.870497704,26.20000076,,179.3999939
19,Montana,1994,88.19999695,9.871899605,26.60000038,,151.3000031
19,Montana,1995,90.5,9.891279221,26.5,,155.3999939
19,Montana,1996,87.30000305,9.901760101,26.70000076,,156.8000031
19,Montana,1997,88.90000153,9.886043549,27.0,,164.8999939
19,Montana,1998,89.09999847,,,,175.3999939
19,Montana,1999,82.59999847,,,,196.1999969
19,Montana,2000,75.5,,,,260.7000122
20,Nebraska,1970,108.0999985,,,0.1737373769,33.90000153
20,Nebraska,1971,108.5999985,,,0.1752171367,34.70000076
20,Nebraska,1972,104.9000015,9.74647522,,0.1766969115,41.09999847
20,Nebraska,1973,106.5999985,9.835298538,,0.1781766713,41.20000076
20,Nebraska,1974,110.5,9.766386986,,0.179656446,42.0
20,Nebraska,1975,114.0999985,9.797554016,,0.1811362058,44.59999847
20,Nebraska,1976,118.0999985,9.787974358,,0.1826159656,46.79999924
20,Nebraska,1977,117.6999969,9.80112648,,0.1840957403,48.09999847
20,Nebraska,1978,117.4000015,9.879457474,,0.1855755001,53.59999847
20,Nebraska,1979,116.0999985,9.847172737,,0.1870552748,55.40000153
20,Nebraska,1980,116.3000031,9.772380829,,0.1885350347,59.5
20,Nebraska,1981,117.0,9.81427002,,0.1835479438,60.90000153
20,Nebraska,1982,117.0999985,9.799477577,,0.178560853,69.69999695
20,Nebraska,1983,110.8000031,9.802988052,,0.1735737622,83.69999695
20,Nebraska,1984,107.6999969,9.853515625,25.39999962,0.1685866714,94.80000305
20,Nebraska,1985,105.0999985,9.875531197,24.60000038,0.1635995805,95.80000305
20,Nebraska,1986,103.0999985,9.896881104,24.5,0.1586125046,104.0
20,Nebraska,1987,101.3000031,9.899986267,24.79999924,0.1536254138,113.6999969
20,Nebraska,1988,92.90000153,9.935324669,24.29999924,0.1486383229,123.3000031
20,Nebraska,1989,93.80000305,9.941367149,24.10000038,0.1436512321,139.3000031
20,Nebraska,1990,89.90000153,9.96817112,25.20000076,0.1386641413,143.3999939
20,Nebraska,1991,92.40000153,9.965081215,24.60000038,,152.1999969
20,Nebraska,1992,90.59999847,9.998330116,24.20000076,,169.5
20,Nebraska,1993,91.09999847,9.996415138,24.29999924,,177.1999969
20,Nebraska,1994,85.90000153,10.02995682,24.70000076,,169.6000061
20,Nebraska,1995,88.5,10.03177643,24.10000038,,170.6999969
20,Nebraska,1996,86.19999695,10.07805729,24.39999962,,175.5
20,Nebraska,1997,85.5,10.06976414,24.39999962,,184.8000031
20,Nebraska,1998,83.09999847,,,,194.6000061
20,Nebraska,1999,86.59999847,,,,214.6000061
20,Nebraska,2000,77.59999847,,,,288.2999878
21,Nevada,1970,189.5,,,0.1615541875,38.90000153
21,Nevada,1971,190.5,,,0.1637737751,44.0
21,Nevada,1972,198.6000061,9.944232941,,0.1659933478,40.59999847
21,Nevada,1973,201.5,9.980631828,,0.1682129353,40.29999924
21,Nevada,1974,204.6999969,9.928623199,,0.170432508,41.90000153
21,Nevada,1975,205.1999969,9.915458679,,0.1726520956,44.5
21,Nevada,1976,201.3999939,9.955230713,,0.1748716831,44.90000153
21,Nevada,1977,190.8000031,10.00060081,,0.1770912558,49.29999924
21,Nevada,1978,187.0,10.06986713,,0.1793108433,54.29999924
21,Nevada,1979,183.3000031,10.05607414,,0.181530416,57.09999847
21,Nevada,1980,177.6999969,10.03424549,,0.1837500036,63.09999847
21,Nevada,1981,171.8999939,10.00596333,,0.1785419434,63.29999924
21,Nevada,1982,165.1000061,9.956868172,,0.1733338833,71.59999847
21,Nevada,1983,159.1999969,9.96372509,,0.1681258231,81.90000153
21,Nevada,1984,136.6000061,9.994217873,35.09999847,0.162917763,99.80000305
21,Nevada,1985,146.6999969,10.02567673,35.70000076,0.1577097028,109.3000031
21,Nevada,1986,142.6000061,10.06372929,37.20000076,0.1525016427,106.5999985
21,Nevada,1987,147.6999969,10.07728004,37.70000076,0.1472935826,114.0
21,Nevada,1988,141.8999939,10.09818554,39.29999924,0.1420855224,129.6000061
21,Nevada,1989,137.8999939,10.12983227,40.40000153,0.1368774623,145.6000061
21,Nevada,1990,137.3000031,10.12119389,40.20000076,0.1316694021,173.6999969
21,Nevada,1991,115.5,10.10557365,37.70000076,,186.3000031
21,Nevada,1992,110.0,10.12709522,36.40000153,,193.8000031
21,Nevada,1993,108.0999985,10.13712502,35.09999847,,196.8000031
21,Nevada,1994,105.1999969,10.16239452,35.09999847,,190.3000031
21,Nevada,1995,100.9000015,10.18080902,34.29999924,,190.3999939
21,Nevada,1996,99.0,10.20677662,35.20000076,,195.0
21,Nevada,1997,95.59999847,10.1864624,34.40000153,,198.5
21,Nevada,1998,102.4000015,,,,200.6000061
21,Nevada,1999,103.9000015,,,,225.8000031
21,Nevada,2000,93.19999695,,,,303.5
22,New Hampshire,1970,265.7000122,,,0.1707317084,31.39999962
22,New Hampshire,1971,278.0,,,0.1723338962,34.09999847
22,New Hampshire,1972,296.2000122,9.736375809,,0.173936069,36.09999847
22,New Hampshire,1973,279.0,9.774945259,,0.1755382568,36.90000153
22,New Hampshire,1974,269.7999878,9.747307777,,0.1771404296,37.90000153
22,New Hampshire,1975,269.1000061,9.718851089,,0.1787426174,40.79999924
22,New Hampshire,1976,290.5,9.777043343,,0.1803448051,43.90000153
22,New Hampshire,1977,278.7999878,9.806762695,,0.181946978,45.0
22,New Hampshire,1978,269.6000061,9.853168488,,0.1835491657,49.70000076
22,New Hampshire,1979,254.6000061,9.865933418,,0.1851513386,53.20000076
22,New Hampshire,1980,247.8000031,9.860693932,,0.1867535263,55.29999924
22,New Hampshire,1981,245.3999939,9.867042542,,0.182374835,58.40000153
22,New Hampshire,1982,239.8000031,9.876245499,,0.1779961437,67.0
22,New Hampshire,1983,232.8999939,9.940467834,,0.1736174673,74.69999695
22,New Hampshire,1984,215.1000061,10.00682926,35.59999847,0.169238776,90.5
22,New Hampshire,1985,201.1000061,10.0613327,35.70000076,0.1648600847,89.19999695
22,New Hampshire,1986,195.8999939,10.12613201,34.70000076,0.1604813933,100.0
22,New Hampshire,1987,195.1000061,10.14629078,34.70000076,0.156102702,102.0
22,New Hampshire,1988,180.3999939,10.17226982,34.09999847,0.1517240256,113.5
22,New Hampshire,1989,172.8999939,10.15990925,33.29999924,0.1473453343,125.9000015
22,New Hampshire,1990,152.3999939,10.1227808,32.90000153,0.142966643,135.8999939
22,New Hampshire,1991,144.8000031,10.11431026,32.90000153,,153.8999939
22,New Hampshire,1992,143.6999969,10.12096977,32.20000076,,164.3999939
22,New Hampshire,1993,148.8999939,10.11175537,32.40000153,,181.1000061
22,New Hampshire,1994,153.8000031,10.15646553,31.0,,157.8000031
22,New Hampshire,1995,158.5,10.2132206,31.0,,163.8999939
22,New Hampshire,1996,158.0,10.22895432,31.10000038,,168.6000061
22,New Hampshire,1997,174.3999939,10.23084545,31.29999924,,176.6000061
22,New Hampshire,1998,173.8000031,,,,197.0
22,New Hampshire,1999,171.6999969,,,,222.8000031
22,New Hampshire,2000,147.3000031,,,,313.8999939
23,New Mexico,1970,90.0,,,0.1848574281,39.70000076
23,New Mexico,1971,92.59999847,,,0.1860954016,41.70000076
23,New Mexico,1972,99.30000305,9.557789803,,0.1873333752,41.09999847
23,New Mexico,1973,98.90000153,9.592716217,,0.1885713488,41.79999924
23,New Mexico,1974,100.3000031,9.584766388,,0.1898093224,43.70000076
23,New Mexico,1975,103.0999985,9.596889496,,0.191047281,46.29999924
23,New Mexico,1976,102.4000015,9.63261795,,0.1922852546,49.5
23,New Mexico,1977,102.4000015,9.669967651,,0.1935232282,51.59999847
23,New Mexico,1978,103.0999985,9.7172966,,0.1947612017,56.0
23,New Mexico,1979,101.0,9.699996948,,0.1959991753,57.59999847
23,New Mexico,1980,102.6999969,9.677751541,,0.1972371489,62.59999847
23,New Mexico,1981,103.0,9.680828094,,0.1915056109,63.0
23,New Mexico,1982,97.5,9.678599358,,0.1857740879,69.40000153
23,New Mexico,1983,96.30000305,9.686483383,,0.18004255,79.59999847
23,New Mexico,1984,88.90000153,9.707865715,28.29999924,0.174311012,90.19999695
23,New Mexico,1985,88.0,9.734749794,28.70000076,0.168579489,97.5
23,New Mexico,1986,88.19999695,9.73690033,27.89999962,0.1628479511,101.1999969
23,New Mexico,1987,82.30000305,9.729162216,27.79999924,0.1571164131,110.1999969
23,New Mexico,1988,77.69999695,9.743268013,27.20000076,0.1513848752,113.6999969
23,New Mexico,1989,74.40000153,9.760063171,27.89999962,0.1456533521,127.1999969
23,New Mexico,1990,70.80000305,9.76591301,27.20000076,0.1399218142,133.6000061
23,New Mexico,1991,69.90000153,9.768037796,27.10000038,,146.8999939
23,New Mexico,1992,71.40000153,9.78427887,26.70000076,,165.3999939
23,New Mexico,1993,69.0,9.806236267,26.39999962,,172.1999969
23,New Mexico,1994,68.19999695,9.827471733,25.39999962,,158.3999939
23,New Mexico,1995,67.0,9.871938705,27.39999962,,163.5
23,New Mexico,1996,65.69999695,9.878764153,27.20000076,,170.8000031
23,New Mexico,1997,61.79999924,9.86425972,27.0,,176.0
23,New Mexico,1998,62.59999847,,,,183.8000031
23,New Mexico,1999,59.70000076,,,,201.8000031
23,New Mexico,2000,53.79999924,,,,279.7999878
24,North Carolina,1970,172.3999939,,,0.1935483813,27.29999924
24,North Carolina,1971,187.6000061,,,0.1936767101,29.39999962
24,North Carolina,1972,214.1000061,9.590858459,,0.1938050389,28.70000076
24,North Carolina,1973,226.5,9.644994736,,0.1939333677,28.89999962
24,North Carolina,1974,227.3000031,9.621204376,,0.1940616965,30.10000038
24,North Carolina,1975,226.0,9.590678215,,0.1941900253,32.90000153
24,North Carolina,1976,230.1999969,9.637135506,,0.194318369,35.79999924
24,North Carolina,1977,217.0,9.656974792,,0.1944466978,36.59999847
24,North Carolina,1978,205.5,9.697710037,,0.1945750266,41.79999924
24,North Carolina,1979,197.3000031,9.681351662,,0.1947033554,43.70000076
24,North Carolina,1980,187.8000031,9.656599998,,0.1948316842,47.29999924
24,North Carolina,1981,179.3000031,9.661784172,,0.1909665316,50.0
24,North Carolina,1982,179.0,9.649224281,,0.1871013939,55.5
24,North Carolina,1983,169.8000031,9.693886757,,0.1832362413,66.0
24,North Carolina,1984,160.6000061,9.753726006,19.79999924,0.1793711036,75.0
24,North Carolina,1985,156.3000031,9.781757355,19.70000076,0.175505951,78.90000153
24,North Carolina,1986,154.3999939,9.830363274,20.0,0.1716407984,83.69999695
24,North Carolina,1987,150.5,9.854593277,20.0,0.1677756608,90.59999847
24,North Carolina,1988,146.0,9.882553101,20.10000038,0.1639105082,96.0
24,North Carolina,1989,139.3000031,9.889288902,20.29999924,0.1600453705,107.5999985
24,North Carolina,1990,133.6999969,9.903341293,20.89999962,0.1561802179,116.4000015
24,North Carolina,1991,132.6999969,9.893853188,20.20000076,,126.5999985
24,North Carolina,1992,128.8999939,9.923104286,20.70000076,,145.0
24,North Carolina,1993,129.6999969,9.940663338,20.89999962,,153.5
24,North Carolina,1994,112.6999969,9.966932297,20.79999924,,135.8999939
24,North Carolina,1995,124.9000015,10.02180767,20.5,,142.3000031
24,North Carolina,1996,129.6999969,10.0451355,21.10000038,,145.6000061
24,North Carolina,1997,125.5999985,10.05129242,21.29999924,,152.0
24,North Carolina,1998,126.0,,,,167.6000061
24,North Carolina,1999,113.0999985,,,,186.8000031
24,North Carolina,2000,109.0,,,,257.2999878
25,North Dakota,1970,93.80000305,,,0.1844660193,37.29999924
25,North Dakota,1971,98.5,,,0.1863869578,38.90000153
25,North Dakota,1972,103.8000031,9.697235107,,0.1883078814,38.90000153
25,North Dakota,1973,108.6999969,9.984169006,,0.1902288198,39.40000153
25,North Dakota,1974,110.5,9.864307404,,0.1921497434,39.90000153
25,North Dakota,1975,117.9000015,9.806703568,,0.1940706819,42.59999847
25,North Dakota,1976,125.4000015,9.725509644,,0.1959916204,45.90000153
25,North Dakota,1977,122.1999969,9.693218231,,0.197912544,47.40000153
25,North Dakota,1978,121.9000015,9.859667778,,0.1998334825,53.20000076
25,North Dakota,1979,121.3000031,9.782692909,,0.2017544061,55.0
25,North Dakota,1980,123.6999969,9.610508919,,0.2036753446,59.59999847
25,North Dakota,1981,125.6999969,9.76184845,,0.197956875,62.0
25,North Dakota,1982,126.8000031,9.764913559,,0.1922383904,67.80000305
25,North Dakota,1983,119.5999985,9.792011261,,0.1865199208,77.90000153
25,North Dakota,1984,109.4000015,9.79562664,24.0,0.1808014363,94.40000153
25,North Dakota,1985,103.1999969,9.793513298,23.10000038,0.1750829667,100.5999985
25,North Dakota,1986,99.80000305,9.80461216,23.0,0.1693644971,104.1999969
25,North Dakota,1987,92.30000305,9.789935112,23.29999924,0.1636460125,110.3000031
25,North Dakota,1988,87.09999847,9.692095757,24.10000038,0.1579275429,123.3000031
25,North Dakota,1989,84.09999847,9.786231041,24.5,0.1522090584,135.8999939
25,North Dakota,1990,77.09999847,9.841360092,26.60000038,0.1464905888,144.3000031
25,North Dakota,1991,85.19999695,9.819376945,26.10000038,,159.8000031
25,North Dakota,1992,74.30000305,9.8829813,25.39999962,,168.3000031
25,North Dakota,1993,83.0,9.853104591,25.60000038,,177.6000061
25,North Dakota,1994,81.0,9.916485786,25.79999924,,180.1000061
25,North Dakota,1995,80.59999847,9.884033203,25.5,,179.5
25,North Dakota,1996,80.80000305,9.960636139,26.60000038,,182.6999969
25,North Dakota,1997,77.5,9.90854454,26.39999962,,194.1000061
25,North Dakota,1998,79.09999847,,,,205.1999969
25,North Dakota,1999,74.69999695,,,,223.6000061
25,North Dakota,2000,72.5,,,,297.5
26,Ohio,1970,121.5999985,,,0.1732194871,36.59999847
26,Ohio,1971,124.5999985,,,0.174539879,38.09999847
26,Ohio,1972,124.4000015,9.779579163,,0.1758602709,38.40000153
26,Ohio,1973,120.5,9.826631546,,0.1771806628,42.0
26,Ohio,1974,122.0999985,9.811853409,,0.1785010546,42.90000153
26,Ohio,1975,122.5,9.783229828,,0.1798214465,46.0
26,Ohio,1976,124.5999985,9.831857681,,0.1811418384,48.5
26,Ohio,1977,127.3000031,9.872402191,,0.1824622303,49.79999924
26,Ohio,1978,131.3000031,9.899350166,,0.1837826222,53.90000153
26,Ohio,1979,130.8999939,9.891590118,,0.1851030141,56.29999924
26,Ohio,1980,133.5,9.85091114,,0.186423406,58.70000076
26,Ohio,1981,132.8000031,9.83551693,,0.1822796315,61.40000153
26,Ohio,1982,134.0,9.815444946,,0.178135857,68.30000305
26,Ohio,1983,130.0,9.83649826,,0.1739920825,82.5
26,Ohio,1984,127.0999985,9.884094238,24.89999962,0.169848308,89.19999695
26,Ohio,1985,126.6999969,9.904476166,24.20000076,0.1657045186,92.19999695
26,Ohio,1986,126.3000031,9.938112259,23.39999962,0.161560744,98.09999847
26,Ohio,1987,124.5999985,9.943062782,23.89999962,0.1574169695,102.1999969
26,Ohio,1988,122.4000015,9.968594551,23.70000076,0.153273195,108.4000015
26,Ohio,1989,118.5999985,9.977870941,23.89999962,0.1491294205,120.5
26,Ohio,1990,115.5,9.977725983,23.89999962,0.144985646,135.3999939
26,Ohio,1991,113.1999969,9.962329865,23.60000038,,139.8000031
26,Ohio,1992,112.3000031,9.982688904,23.0,,159.6000061
26,Ohio,1993,108.9000015,9.989721298,23.0,,162.5
26,Ohio,1994,108.5999985,10.03149223,23.0,,151.1999969
26,Ohio,1995,111.6999969,10.08051395,22.79999924,,155.6000061
26,Ohio,1996,107.5999985,10.09725761,23.29999924,,159.6999969
26,Ohio,1997,108.5999985,10.0931797,23.0,,166.8000031
26,Ohio,1998,106.4000015,,,,172.8999939
26,Ohio,1999,104.0,,,,193.1999969
26,Ohio,2000,99.90000153,,,,265.3999939
27,Oklahoma,1970,108.4000015,,,0.1754591614,38.40000153
27,Oklahoma,1971,115.4000015,,,0.1765248179,39.79999924
27,Oklahoma,1972,121.6999969,9.625026703,,0.1775904745,39.79999924
27,Oklahoma,1973,124.0999985,9.682418823,,0.1786561161,40.40000153
27,Oklahoma,1974,130.5,9.675103188,,0.1797217727,41.0
27,Oklahoma,1975,132.8999939,9.682616234,,0.1807874292,43.59999847
27,Oklahoma,1976,138.6000061,9.712260246,,0.1818530858,46.40000153
27,Oklahoma,1977,140.3999939,9.740366936,,0.1829187423,47.90000153
27,Oklahoma,1978,143.6000061,9.782526016,,0.1839843839,53.09999847
27,Oklahoma,1979,141.6000061,9.809666634,,0.1850500405,55.5
27,Oklahoma,1980,141.6000061,9.811437607,,0.186115697,62.90000153
27,Oklahoma,1981,143.6999969,9.844989777,,0.1817682534,65.80000305
27,Oklahoma,1982,147.0,9.853139877,,0.1774208099,71.69999695
27,Oklahoma,1983,140.0,9.80484581,,0.1730733663,83.90000153
27,Oklahoma,1984,128.1000061,9.813323021,17.79999924,0.1687259227,93.30000305
27,Oklahoma,1985,124.1999969,9.816129684,18.10000038,0.164378494,95.09999847
27,Oklahoma,1986,119.9000015,9.801921844,18.29999924,0.1600310504,104.5999985
27,Oklahoma,1987,113.0999985,9.779805183,18.20000076,0.1556836069,114.4000015
27,Oklahoma,1988,103.5999985,9.801469803,18.29999924,0.1513361633,122.5999985
27,Oklahoma,1989,97.5,9.818205833,18.39999962,0.1469887197,133.3999939
27,Oklahoma,1990,88.40000153,9.828145027,19.70000076,0.1426412761,146.1000061
27,Oklahoma,1991,87.80000305,9.822683334,19.70000076,,149.1000061
27,Oklahoma,1992,86.30000305,9.844190598,19.89999962,,170.6000061
27,Oklahoma,1993,86.19999695,9.848171234,20.0,,182.3999939
27,Oklahoma,1994,104.8000031,9.861186981,20.39999962,,163.3999939
27,Oklahoma,1995,109.5,9.898375511,20.0,,161.1000061
27,Oklahoma,1996,110.8000031,9.918806076,19.89999962,,162.6999969
27,Oklahoma,1997,111.8000031,9.919992447,20.10000038,,172.0
27,Oklahoma,1998,112.1999969,,,,183.6000061
27,Oklahoma,1999,111.4000015,,,,203.3999939
27,Oklahoma,2000,108.9000015,,,,272.6000061
28,Pennsylvania,1970,107.3000031,,,0.1633759886,38.40000153
28,Pennsylvania,1971,106.3000031,,,0.1650845855,44.70000076
28,Pennsylvania,1972,109.0,9.784274101,,0.1667931676,44.70000076
28,Pennsylvania,1973,110.6999969,9.821087837,,0.1685017645,44.90000153
28,Pennsylvania,1974,114.1999969,9.814226151,,0.1702103466,46.59999847
28,Pennsylvania,1975,114.5999985,9.804515839,,0.1719189435,49.79999924
28,Pennsylvania,1976,118.8000031,9.843310356,,0.1736275405,52.29999924
28,Pennsylvania,1977,120.0999985,9.873370171,,0.1753361225,53.29999924
28,Pennsylvania,1978,122.3000031,9.902812958,,0.1770447195,57.40000153
28,Pennsylvania,1979,122.5999985,9.899785042,,0.1787533015,60.59999847
28,Pennsylvania,1980,124.0,9.869997978,,0.1804618984,61.29999924
28,Pennsylvania,1981,125.1999969,9.866443634,,0.1764555871,64.80000305
28,Pennsylvania,1982,123.3000031,9.862766266,,0.1724492908,69.80000305
28,Pennsylvania,1983,125.3000031,9.876906395,,0.1684429795,81.69999695
28,Pennsylvania,1984,115.3000031,9.911305428,24.89999962,0.1644366682,97.69999695
28,Pennsylvania,1985,115.8000031,9.944738388,24.89999962,0.1604303718,100.0999985
28,Pennsylvania,1986,113.9000015,9.987108231,25.20000076,0.1564240605,104.9000015
28,Pennsylvania,1987,110.5999985,10.00092793,25.10000038,0.1524177492,110.0
28,Pennsylvania,1988,107.5999985,10.02141285,25.29999924,0.1484114379,112.3000031
28,Pennsylvania,1989,107.0999985,10.0474472,24.60000038,0.1444051415,122.8000031
28,Pennsylvania,1990,101.3000031,10.05147076,25.79999924,0.1403988302,133.6999969
28,Pennsylvania,1991,102.5,10.04936314,24.60000038,,144.1000061
28,Pennsylvania,1992,96.19999695,10.06762981,23.5,,176.1999969
28,Pennsylvania,1993,94.69999695,10.0687418,23.70000076,,183.8000031
28,Pennsylvania,1994,95.40000153,10.09233665,23.39999962,,158.1000061
28,Pennsylvania,1995,95.40000153,10.13071918,22.39999962,,161.6999969
28,Pennsylvania,1996,93.30000305,10.15594673,22.39999962,,169.3999939
28,Pennsylvania,1997,92.90000153,10.15233803,22.10000038,,176.5
28,Pennsylvania,1998,92.09999847,,,,190.8999939
28,Pennsylvania,1999,91.09999847,,,,205.0
28,Pennsylvania,2000,87.90000153,,,,280.1000061
29,Rhode Island,1970,123.9000015,,,0.183157891,39.29999924
29,Rhode Island,1971,123.1999969,,,0.1838494986,40.20000076
29,Rhode Island,1972,134.3999939,9.77021122,,0.1845410913,41.59999847
29,Rhode Island,1973,142.0,9.785203934,,0.1852326989,40.59999847
29,Rhode Island,1974,146.1000061,9.765945435,,0.1859243065,41.29999924
29,Rhode Island,1975,154.6999969,9.757125854,,0.1866159141,44.29999924
29,Rhode Island,1976,150.1999969,9.795516968,,0.1873075068,52.20000076
29,Rhode Island,1977,148.8000031,9.81970787,,0.1879991144,52.29999924
29,Rhode Island,1978,146.8000031,9.842970848,,0.188690722,56.29999924
29,Rhode Island,1979,145.8000031,9.843946457,,0.1893823147,58.70000076
29,Rhode Island,1980,149.3000031,9.835398674,,0.1900739223,60.0
29,Rhode Island,1981,151.1999969,9.836283684,,0.1864104569,64.5
29,Rhode Island,1982,146.3000031,9.842974663,,0.1827469915,71.59999847
29,Rhode Island,1983,135.8000031,9.882348061,,0.1790835112,84.0
29,Rhode Island,1984,136.8999939,9.93138504,25.10000038,0.1754200459,94.80000305
29,Rhode Island,1985,133.3999939,9.955239296,25.70000076,0.1717565805,100.3000031
29,Rhode Island,1986,136.3000031,10.00256538,26.0,0.1680931151,101.8000031
29,Rhode Island,1987,124.4000015,10.02757072,25.60000038,0.1644296497,113.5
29,Rhode Island,1988,138.0,10.06529713,25.29999924,0.1607661694,121.5
29,Rhode Island,1989,120.8000031,10.08002472,24.79999924,0.157102704,134.8000031
29,Rhode Island,1990,101.4000015,10.05991554,24.0,0.1534392387,150.8999939
29,Rhode Island,1991,103.5999985,10.03950691,24.29999924,,170.3000031
29,Rhode Island,1992,100.0999985,10.04970264,22.79999924,,190.0
29,Rhode Island,1993,94.09999847,10.06694508,22.29999924,,197.8999939
29,Rhode Island,1994,91.90000153,10.08022404,22.60000038,,168.8999939
29,Rhode Island,1995,90.80000305,10.1350317,22.20000076,,209.6000061
29,Rhode Island,1996,87.5,10.14552498,21.70000076,,214.8999939
29,Rhode Island,1997,90.0,10.15322495,22.89999962,,217.0
29,Rhode Island,1998,88.69999695,,,,232.1999969
29,Rhode Island,1999,86.90000153,,,,251.6999969
29,Rhode Island,2000,83.09999847,,,,322.8999939
30,South Carolina,1970,103.5999985,,,0.200308755,32.5
30,South Carolina,1971,115.0,,,0.2004892826,34.29999924
30,South Carolina,1972,118.6999969,9.509308815,,0.2006698102,34.09999847
30,South Carolina,1973,125.5,9.563993454,,0.2008503377,33.5
30,South Carolina,1974,129.6999969,9.558746338,,0.2010308653,35.20000076
30,South Carolina,1975,130.5,9.527853966,,0.2012113929,38.09999847
30,South Carolina,1976,136.8000031,9.574728012,,0.2013919204,41.0
30,South Carolina,1977,137.1999969,9.589701653,,0.201572448,42.20000076
30,South Carolina,1978,140.3999939,9.626874924,,0.2017529756,49.20000076
30,South Carolina,1979,135.6999969,9.623209,,0.2019335032,50.20000076
30,South Carolina,1980,138.3000031,9.601185799,,0.2021140307,52.29999924
30,South Carolina,1981,136.1000061,9.600561142,,0.1976889968,54.70000076
30,South Carolina,1982,136.0,9.583789825,,0.1932639778,61.90000153
30,South Carolina,1983,131.1000061,9.625990868,,0.1888389438,72.40000153
30,South Carolina,1984,127.0,9.675048828,22.0,0.1844139248,81.30000305
30,South Carolina,1985,125.4000015,9.697684288,22.10000038,0.1799888909,83.0
30,South Carolina,1986,126.5999985,9.729728699,22.89999962,0.175563857,88.69999695
30,South Carolina,1987,126.5999985,9.754576683,23.5,0.1711388379,95.30000305
30,South Carolina,1988,124.4000015,9.792578697,24.0,0.166713804,99.90000153
30,South Carolina,1989,122.4000015,9.796467781,24.0,0.162288785,111.9000015
30,South Carolina,1990,118.5999985,9.827638626,25.60000038,0.1578637511,125.1999969
30,South Carolina,1991,121.5,9.810625076,23.79999924,,129.0
30,South Carolina,1992,112.8000031,9.825443268,23.79999924,,151.8999939
30,South Carolina,1993,115.1999969,9.834692955,24.20000076,,164.5
30,South Carolina,1994,112.1999969,9.867613792,24.70000076,,139.1000061
30,South Carolina,1995,109.1999969,9.909873009,24.89999962,,140.0
30,South Carolina,1996,102.9000015,9.926653862,25.39999962,,149.5
30,South Carolina,1997,124.5,9.936011314,25.60000038,,153.8999939
30,South Carolina,1998,126.9000015,,,,165.3000031
30,South Carolina,1999,109.4000015,,,,179.6000061
30,South Carolina,2000,103.9000015,,,,255.3000031
31,South Dakota,1970,92.69999695,,,0.1786786765,38.5
31,South Dakota,1971,96.69999695,,,0.1804924309,38.5
31,South Dakota,1972,103.0,9.630848885,,0.1823061854,39.09999847
31,South Dakota,1973,103.5,9.80878067,,0.1841199398,39.59999847
31,South Dakota,1974,108.4000015,9.697823524,,0.1859336942,40.40000153
31,South Dakota,1975,113.5,9.694461823,,0.1877474487,42.79999924
31,South Dakota,1976,116.6999969,9.623667717,,0.1895611882,45.0
31,South Dakota,1977,115.5999985,9.678478241,,0.1913749427,46.40000153
31,South Dakota,1978,116.9000015,9.756708145,,0.1931886971,53.20000076
31,South Dakota,1979,117.4000015,9.752882957,,0.1950024515,54.09999847
31,South Dakota,1980,114.6999969,9.616186142,,0.196816206,58.79999924
31,South Dakota,1981,115.6999969,9.665717125,,0.1910096258,62.29999924
31,South Dakota,1982,113.0,9.649112701,,0.1852030307,68.0
31,South Dakota,1983,109.8000031,9.655467033,,0.1793964505,78.80000305
31,South Dakota,1984,105.6999969,9.72109127,21.70000076,0.1735898703,89.80000305
31,South Dakota,1985,104.4000015,9.719058037,20.89999962,0.1677832901,92.30000305
31,South Dakota,1986,97.0,9.753732681,21.20000076,0.1619766951,108.5
31,South Dakota,1987,95.80000305,9.779506683,21.5,0.1561701149,113.6999969
31,South Dakota,1988,91.90000153,9.76535511,21.0,0.1503635347,124.6999969
31,South Dakota,1989,87.40000153,9.814281464,21.60000038,0.1445569396,130.1000061
31,South Dakota,1990,88.30000305,9.861736298,23.39999962,0.1387503594,138.8999939
31,South Dakota,1991,91.80000305,9.869861603,23.5,,150.3000031
31,South Dakota,1992,93.0,9.896075249,23.60000038,,163.0
31,South Dakota,1993,91.59999847,9.902385712,23.5,,180.3000031
31,South Dakota,1994,94.80000305,9.972071648,24.29999924,,154.3999939
31,South Dakota,1995,98.59999847,9.924324989,23.70000076,,162.1000061
31,South Dakota,1996,92.30000305,9.987908363,24.29999924,,171.1999969
31,South Dakota,1997,88.80000305,9.955562592,24.10000038,,181.6999969
31,South Dakota,1998,88.30000305,,,,192.8000031
31,South Dakota,1999,83.5,,,,207.8999939
31,South Dakota,2000,75.09999847,,,,272.8999939
32,Tennessee,1970,99.80000305,,,0.1780438125,39.90000153
32,Tennessee,1971,106.3000031,,,0.1788192689,41.59999847
32,Tennessee,1972,111.5,9.569716454,,0.1795947105,41.59999847
32,Tennessee,1973,109.6999969,9.63097477,,0.180370152,40.79999924
32,Tennessee,1974,114.8000031,9.609496117,,0.1811456084,42.5
32,Tennessee,1975,117.4000015,9.584546089,,0.1819210649,45.29999924
32,Tennessee,1976,121.6999969,9.632029533,,0.1826965064,48.29999924
32,Tennessee,1977,124.5999985,9.655990601,,0.1834719479,49.59999847
32,Tennessee,1978,127.3000031,9.70067215,,0.1842474043,54.79999924
32,Tennessee,1979,127.1999969,9.690542221,,0.1850228608,57.29999924
32,Tennessee,1980,130.3999939,9.657697678,,0.1857983023,60.29999924
32,Tennessee,1981,129.1000061,9.655215263,,0.1821052283,63.70000076
32,Tennessee,1982,131.3999939,9.642688751,,0.1784121543,68.30000305
32,Tennessee,1983,129.0,9.672341347,,0.1747190654,79.09999847
32,Tennessee,1984,125.0999985,9.729241371,19.70000076,0.1710259914,88.30000305
32,Tennessee,1985,128.6999969,9.757004738,19.79999924,0.1673329175,92.5
32,Tennessee,1986,129.0,9.814326286,20.89999962,0.1636398435,98.80000305
32,Tennessee,1987,130.6000061,9.842340469,21.0,0.1599467695,103.5
32,Tennessee,1988,125.3000031,9.864699364,21.5,0.1562536806,112.0999985
32,Tennessee,1989,124.6999969,9.878852844,21.10000038,0.1525606066,121.5
32,Tennessee,1990,121.8000031,9.87950325,21.89999962,0.1488675326,135.0
32,Tennessee,1991,120.5999985,9.874686241,21.39999962,,137.3999939
32,Tennessee,1992,121.0,9.91144371,21.70000076,,163.8999939
32,Tennessee,1993,120.8000031,9.925889015,21.60000038,,170.1999969
32,Tennessee,1994,118.8000031,9.960689545,21.5,,150.3000031
32,Tennessee,1995,125.4000015,10.02625942,21.39999962,,153.0
32,Tennessee,1996,119.1999969,10.03449631,21.5,,155.8999939
32,Tennessee,1997,118.9000015,10.03077984,21.29999924,,161.1000061
32,Tennessee,1998,119.6999969,,,,167.6999969
32,Tennessee,1999,115.5999985,,,,189.5
32,Tennessee,2000,108.6999969,,,,261.2000122
33,Texas,1970,106.4000015,,,0.1831413507,40.40000153
33,Texas,1971,108.9000015,,,0.1843085587,42.0
33,Texas,1972,108.5999985,9.675209045,,0.1854757667,46.90000153
33,Texas,1973,110.4000015,9.72544384,,0.1866429746,46.40000153
33,Texas,1974,114.6999969,9.722986221,,0.1878101826,47.5
33,Texas,1975,116.0,9.734613419,,0.1889773905,50.59999847
33,Texas,1976,121.4000015,9.780997276,,0.1901445836,53.29999924
33,Texas,1977,124.1999969,9.812738419,,0.1913117915,53.29999924
33,Texas,1978,126.5999985,9.863806725,,0.1924789995,59.09999847
33,Texas,1979,126.4000015,9.877560616,,0.1936462075,62.20000076
33,Texas,1980,129.6999969,9.868579865,,0.1948134154,63.70000076
33,Texas,1981,129.0,9.898188591,,0.1905500591,66.90000153
33,Texas,1982,131.1999969,9.887208939,,0.1862867177,73.80000305
33,Texas,1983,126.4000015,9.88021183,,0.1820233613,84.09999847
33,Texas,1984,117.1999969,9.909603119,29.79999924,0.177760005,93.80000305
33,Texas,1985,115.9000015,9.928035736,29.10000038,0.1734966636,102.0999985
33,Texas,1986,113.6999969,9.898400307,29.0,0.1692333072,105.5
33,Texas,1987,105.8000031,9.889120102,27.5,0.1649699509,114.4000015
33,Texas,1988,96.5,9.905222893,27.5,0.1607065946,128.0
33,Texas,1989,94.5,9.919108391,27.60000038,0.1564432532,137.0
33,Texas,1990,85.59999847,9.930641174,29.0,0.1521798968,145.6999969
33,Texas,1991,79.40000153,9.930666924,27.70000076,,173.6000061
33,Texas,1992,77.19999695,9.957263947,28.5,,186.0
33,Texas,1993,81.30000305,9.96424675,28.10000038,,204.6000061
33,Texas,1994,78.80000305,9.974076271,28.29999924,,177.6999969
33,Texas,1995,75.19999695,10.03183937,27.10000038,,185.0
33,Texas,1996,74.59999847,10.0528183,27.10000038,,188.3999939
33,Texas,1997,72.59999847,10.07079792,27.0,,189.8000031
33,Texas,1998,73.19999695,,,,201.8000031
33,Texas,1999,67.59999847,,,,225.0
33,Texas,2000,69.30000305,,,,292.2999878
34,Utah,1970,65.5,,,0.2020774335,34.59999847
34,Utah,1971,67.69999695,,,0.2020613402,36.59999847
34,Utah,1972,71.30000305,9.601121902,,0.202045247,37.20000076
34,Utah,1973,72.69999695,9.626667023,,0.2020291537,36.5
34,Utah,1974,75.59999847,9.612169266,,0.2020130605,37.79999924
34,Utah,1975,75.80000305,9.601020813,,0.2019969672,40.5
34,Utah,1976,77.90000153,9.645159721,,0.2019808739,43.40000153
34,Utah,1977,78.0,9.673471451,,0.2019647807,44.70000076
34,Utah,1978,79.59999847,9.708169937,,0.2019486874,49.5
34,Utah,1979,79.09999847,9.694103241,,0.2019325942,53.70000076
34,Utah,1980,74.80000305,9.654541016,,0.2019165009,57.20000076
34,Utah,1981,77.59999847,9.640061378,,0.1983949989,62.70000076
34,Utah,1982,73.59999847,9.6280756,,0.1948734969,68.09999847
34,Utah,1983,69.0,9.643307686,,0.1913519949,82.0
34,Utah,1984,66.30000305,9.678897858,13.39999962,0.1878304929,95.30000305
34,Utah,1985,66.5,9.697767258,13.80000019,0.1843090057,104.5999985
34,Utah,1986,64.40000153,9.715573311,13.69999981,0.1807875037,103.5
34,Utah,1987,67.69999695,9.719885826,13.0,0.1772660017,108.5999985
34,Utah,1988,55.0,9.729156494,12.80000019,0.1737444997,122.9000015
34,Utah,1989,57.0,9.746020317,12.69999981,0.1702229977,135.6000061
34,Utah,1990,53.40000153,9.755159378,12.69999981,0.1667014956,151.8999939
34,Utah,1991,53.5,9.762184143,13.19999981,,167.1000061
34,Utah,1992,55.0,9.783387184,13.0,,170.1000061
34,Utah,1993,56.20000076,9.793717384,21.89999962,,180.1000061
34,Utah,1994,55.79999924,9.836628914,12.89999962,,160.3999939
34,Utah,1995,52.0,9.872344971,12.80000019,,168.8000031
34,Utah,1996,54.0,9.904766083,13.19999981,,174.8999939
34,Utah,1997,57.0,9.915579796,13.0,,186.1999969
34,Utah,1998,42.29999924,,,,222.6999969
34,Utah,1999,43.90000153,,,,243.6999969
34,Utah,2000,40.70000076,,,,312.8999939
35,Vermont,1970,122.5999985,,,0.1797752827,37.70000076
35,Vermont,1971,124.4000015,,,0.1813672185,39.5
35,Vermont,1972,138.0,9.673069,,0.1829591691,40.0
35,Vermont,1973,146.8000031,9.699158669,,0.1845511198,39.79999924
35,Vermont,1974,151.8000031,9.661791801,,0.1861430556,41.29999924
35,Vermont,1975,155.5,9.637124062,,0.1877349913,41.79999924
35,Vermont,1976,171.1000061,9.680713654,,0.189326942,47.09999847
35,Vermont,1977,169.3999939,9.687761307,,0.1909188926,47.0
35,Vermont,1978,162.3999939,9.746977806,,0.1925108284,52.5
35,Vermont,1979,160.8999939,9.747611046,,0.1941027641,54.79999924
35,Vermont,1980,161.6000061,9.72296524,,0.1956947148,58.90000153
35,Vermont,1981,163.8000031,9.72743988,,0.1911066324,61.0
35,Vermont,1982,162.3000031,9.723439217,,0.186518535,66.80000305
35,Vermont,1983,153.8000031,9.759016991,,0.1819304526,77.0
35,Vermont,1984,144.3000031,9.805239677,26.29999924,0.1773423553,90.59999847
35,Vermont,1985,144.5,9.848504066,26.60000038,0.1727542728,95.5
35,Vermont,1986,131.1999969,9.907774925,27.60000038,0.1681661904,104.9000015
35,Vermont,1987,128.3000031,9.935688019,27.79999924,0.1635780931,113.8000031
35,Vermont,1988,128.6999969,9.960270882,27.0,0.1589900106,123.6999969
35,Vermont,1989,120.9000015,9.992055893,26.0,0.1544019133,129.6999969
35,Vermont,1990,124.3000031,9.972932816,26.10000038,0.1498138309,143.6999969
35,Vermont,1991,120.9000015,9.951282501,25.0,,150.1000061
35,Vermont,1992,126.5,9.976772308,23.89999962,,168.0
35,Vermont,1993,117.1999969,9.979686737,23.70000076,,173.8000031
35,Vermont,1994,120.3000031,9.993938446,23.29999924,,159.6000061
35,Vermont,1995,123.1999969,10.04172039,22.79999924,,160.1000061
35,Vermont,1996,102.5,10.0610075,23.29999924,,196.3999939
35,Vermont,1997,97.69999695,10.04339695,2.5,,201.8999939
35,Vermont,1998,97.0,,,,213.8999939
35,Vermont,1999,94.09999847,,,,233.6999969
35,Vermont,2000,88.90000153,,,,301.1000061
36,Virginia,1970,124.3000031,,,0.1894216239,28.79999924
36,Virginia,1971,128.3999939,,,0.1898735166,30.20000076
36,Virginia,1972,137.0,9.736405373,,0.1903254092,29.89999962
36,Virginia,1973,143.1000061,9.781524658,,0.1907772869,30.10000038
36,Virginia,1974,149.6000061,9.772517204,,0.1912291795,31.29999924
36,Virginia,1975,152.6999969,9.761776924,,0.1916810721,33.59999847
36,Virginia,1976,158.1000061,9.799572945,,0.1921329647,37.90000153
36,Virginia,1977,157.6999969,9.828063011,,0.1925848573,38.40000153
36,Virginia,1978,155.8999939,9.868163109,,0.1930367351,42.79999924
36,Virginia,1979,151.8000031,9.870886803,,0.1934886277,45.79999924
36,Virginia,1980,148.8999939,9.866592407,,0.1939405203,48.5
36,Virginia,1981,149.8999939,9.867190361,,0.1898061335,51.79999924
36,Virginia,1982,147.3999939,9.870553017,,0.1856717318,56.40000153
36,Virginia,1983,144.6999969,9.907087326,,0.1815373302,68.80000305
36,Virginia,1984,136.8000031,9.955709457,22.39999962,0.1774029434,76.0
36,Virginia,1985,134.6000061,9.984970093,22.39999962,0.1732685566,83.59999847
36,Virginia,1986,135.8000031,10.03190517,23.39999962,0.1691341549,91.30000305
36,Virginia,1987,133.0,10.05442619,23.5,0.1649997532,94.59999847
36,Virginia,1988,129.5,10.07845879,23.29999924,0.1608653665,102.0999985
36,Virginia,1989,122.5,10.09795761,23.60000038,0.1567309797,109.4000015
36,Virginia,1990,118.9000015,10.08652878,24.0,0.152596578,128.6000061
36,Virginia,1991,109.0999985,10.07137775,23.0,,136.5
36,Virginia,1992,108.1999969,10.08065128,22.5,,157.8999939
36,Virginia,1993,105.4000015,10.08279133,22.20000076,,165.6999969
36,Virginia,1994,106.1999969,10.10627842,21.70000076,,156.5
36,Virginia,1995,106.6999969,10.15624428,20.70000076,,157.5
36,Virginia,1996,104.5999985,10.17183113,20.60000038,,159.6000061
36,Virginia,1997,108.0,10.17056465,20.5,,159.6000061
36,Virginia,1998,105.5999985,,,,162.1999969
36,Virginia,1999,102.0999985,,,,183.6999969
36,Virginia,2000,96.69999695,,,,252.8000031
37,West Virginia,1970,114.5,,,0.1725917459,33.70000076
37,West Virginia,1971,111.5,,,0.1731274426,41.59999847
37,West Virginia,1972,117.5,9.542987823,,0.1736631393,41.29999924
37,West Virginia,1973,116.5999985,9.569655418,,0.1741988361,39.90000153
37,West Virginia,1974,119.9000015,9.565595627,,0.1747345328,42.0
37,West Virginia,1975,123.1999969,9.58530426,,0.1752702296,45.20000076
37,West Virginia,1976,129.6999969,9.626164436,,0.1758059263,48.40000153
37,West Virginia,1977,133.8999939,9.658364296,,0.1763416231,48.90000153
37,West Virginia,1978,131.6000061,9.687846184,,0.1768773198,53.90000153
37,West Virginia,1979,122.0999985,9.683866501,,0.1774130166,62.40000153
37,West Virginia,1980,122.3000031,9.652031898,,0.1779487133,64.30000305
37,West Virginia,1981,120.5,9.629268646,,0.1746691614,66.19999695
37,West Virginia,1982,119.8000031,9.626737595,,0.1713896096,75.09999847
37,West Virginia,1983,115.6999969,9.612957001,,0.1681100577,88.19999695
37,West Virginia,1984,111.9000015,9.640778542,19.70000076,0.1648305058,97.19999695
37,West Virginia,1985,109.0999985,9.651716232,19.70000076,0.1615509689,103.1999969
37,West Virginia,1986,112.0999985,9.688000679,19.60000038,0.158271417,104.0999985
37,West Virginia,1987,107.5,9.683080673,19.89999962,0.1549918652,112.8000031
37,West Virginia,1988,109.0999985,9.708300591,20.10000038,0.1517123133,122.1999969
37,West Virginia,1989,104.0,9.724772453,20.20000076,0.1484327614,131.1999969
37,West Virginia,1990,104.0999985,9.7483778,21.70000076,0.1451532096,142.8999939
37,West Virginia,1991,100.0999985,9.757508278,21.5,,144.1000061
37,West Virginia,1992,97.90000153,9.784765244,21.0,,158.1999969
37,West Virginia,1993,111.0,9.794651031,21.60000038,,166.1999969
37,West Virginia,1994,104.1999969,9.830105782,21.5,,150.1000061
37,West Virginia,1995,115.1999969,9.834269524,20.89999962,,156.8000031
37,West Virginia,1996,112.6999969,9.845186234,21.0,,157.3000031
37,West Virginia,1997,114.5,9.837126732,21.0,,160.8999939
37,West Virginia,1998,114.5999985,,,,171.1000061
37,West Virginia,1999,112.4000015,,,,192.3999939
37,West Virginia,2000,107.9000015,,,,253.6999969
38,Wisconsin,1970,106.4000015,,,0.1742870063,38.5
38,Wisconsin,1971,105.4000015,,,0.1763440669,40.20000076
38,Wisconsin,1972,108.8000031,9.749258995,,0.1784011275,40.29999924
38,Wisconsin,1973,109.5,9.797751427,,0.1804581881,42.59999847
38,Wisconsin,1974,111.8000031,9.782348633,,0.1825152487,43.90000153
38,Wisconsin,1975,113.5,9.766183853,,0.1845723093,46.59999847
38,Wisconsin,1976,115.4000015,9.807608604,,0.1866293848,51.29999924
38,Wisconsin,1977,117.1999969,9.852297783,,0.1886864454,52.09999847
38,Wisconsin,1978,116.6999969,9.889820099,,0.190743506,57.09999847
38,Wisconsin,1979,117.0999985,9.89231205,,0.1928005666,58.70000076
38,Wisconsin,1980,117.5999985,9.855584145,,0.1948576272,61.20000076
38,Wisconsin,1981,119.9000015,9.834293365,,0.1897798181,64.90000153
38,Wisconsin,1982,115.5999985,9.821298599,,0.184702009,75.0
38,Wisconsin,1983,106.3000031,9.838350296,,0.1796241999,92.0
38,Wisconsin,1984,105.5999985,9.881548882,32.90000153,0.1745463908,100.8000031
38,Wisconsin,1985,107.0,9.894386292,32.09999847,0.1694685817,106.8000031
38,Wisconsin,1986,105.4000015,9.932972908,32.70000076,0.1643907726,110.8000031
38,Wisconsin,1987,106.0,9.941293716,31.5,0.1593129635,116.3000031
38,Wisconsin,1988,102.5999985,9.947214127,31.0,0.1542351544,128.6000061
38,Wisconsin,1989,100.3000031,9.965262413,30.20000076,0.1491573453,138.3000031
38,Wisconsin,1990,94.0,9.96933651,30.5,0.1440795362,151.1000061
38,Wisconsin,1991,95.5,9.960520744,29.0,,158.6000061
38,Wisconsin,1992,96.19999695,9.992659569,28.10000038,,176.5
38,Wisconsin,1993,91.19999695,9.9995327,28.29999924,,195.5
38,Wisconsin,1994,91.80000305,10.03168201,28.29999924,,178.6000061
38,Wisconsin,1995,93.5,10.07112026,28.0,,188.0
38,Wisconsin,1996,92.09999847,10.09000111,27.60000038,,200.5
38,Wisconsin,1997,91.90000153,10.09384441,28.60000038,,200.6999969
38,Wisconsin,1998,88.69999695,,,,210.8000031
38,Wisconsin,1999,84.40000153,,,,243.5
38,Wisconsin,2000,80.09999847,,,,312.7999878
39,Wyoming,1970,132.1999969,,,0.1746987998,34.09999847
39,Wyoming,1971,131.6999969,,,0.1772289276,34.40000153
39,Wyoming,1972,140.0,9.766710281,,0.1797590405,34.40000153
39,Wyoming,1973,141.1999969,9.843484879,,0.1822891533,34.40000153
39,Wyoming,1974,145.8000031,9.859290123,,0.1848192811,35.79999924
39,Wyoming,1975,160.6999969,9.848104477,,0.1873494089,38.59999847
39,Wyoming,1976,161.5,9.871498108,,0.1898795217,42.59999847
39,Wyoming,1977,160.3999939,9.923920631,,0.1924096346,43.40000153
39,Wyoming,1978,160.3000031,10.00353336,,0.1949397624,49.79999924
39,Wyoming,1979,168.6000061,10.01673603,,0.1974698901,51.70000076
39,Wyoming,1980,158.1000061,10.01395512,,0.200000003,55.29999924
39,Wyoming,1981,163.1000061,9.99971962,,0.1935517639,55.90000153
39,Wyoming,1982,157.6999969,9.945314407,,0.1871035248,64.30000305
39,Wyoming,1983,141.1999969,9.884187698,,0.1806552857,71.0
39,Wyoming,1984,128.8999939,9.88435173,26.29999924,0.1742070466,81.69999695
39,Wyoming,1985,125.6999969,9.910658836,26.0,0.1677588224,87.40000153
39,Wyoming,1986,124.8000031,9.874266624,24.5,0.1613105834,97.80000305
39,Wyoming,1987,110.4000015,9.839848518,24.5,0.1548623443,102.6999969
39,Wyoming,1988,114.3000031,9.87064743,23.60000038,0.1484141052,112.9000015
39,Wyoming,1989,111.4000015,9.892477036,23.0,0.1419658661,118.5999985
39,Wyoming,1990,96.90000153,9.939312935,25.10000038,0.135517627,129.5
39,Wyoming,1991,109.0999985,9.97840786,24.70000076,,136.0
39,Wyoming,1992,110.8000031,9.979329109,24.70000076,,155.1000061
39,Wyoming,1993,108.4000015,9.99512291,24.29999924,,166.8999939
39,Wyoming,1994,111.1999969,10.00380707,25.0,,147.3999939
39,Wyoming,1995,115.0,10.00949097,23.60000038,,153.0
39,Wyoming,1996,110.3000031,10.01676846,24.60000038,,162.5
39,Wyoming,1997,108.8000031,10.02561283,24.60000038,,164.1000061
39,Wyoming,1998,102.9000015,,,,168.8000031
39,Wyoming,1999,104.8000031,,,,189.6000061
39,Wyoming,2000,90.5,,,,267.1000061
